<?xml version="1.0" encoding="UTF-8"?>
<!DOCTYPE mapper PUBLIC "-//mybatis.org//DTD Mapper 3.0//EN" "http://mybatis.org/dtd/mybatis-3-mapper.dtd">
<mapper namespace="com.me.mapper.AdminApplyMapper">

<!-- 검색 조건을 나타내는 쿼리 조각 -->
	<sql id="search">
		<if test="searchType != null">
			<if test="searchType == 't'.toString()">
				AND apply_class_name LIKE CONCAT('%', CONCAT(#{keyword},
				'%'))
			</if>
			<if test="searchType == 'c'.toString()">
				AND apply_user_name LIKE CONCAT('%', CONCAT(#{keyword},
				'%'))
			</if>
			<if test="searchType == 'w'.toString()">
				AND apply_user_gender LIKE CONCAT('%', CONCAT(#{keyword},
				'%'))
			</if>
		</if>
	</sql>
	<sql id="total_list">
		<if test="searchType == null">
			and rnum between #{sizePerPage}*#{page}-9 and
			#{sizePerPage}*#{page}
		</if>
	</sql>
	
	<!-- 목록 조회 페이징 추가 전 -->
<!-- 	<select id="list" resultType = "AdminApply">
		SELECT 
		apply_num,						지원번호_pk
		apply_gisu,						기수
		apply_stage_experience,			무대경험
		
		apply_user_no, 					회원_회원번호
		apply_user_name,				회원_이름
		apply_user_gender,				회원_성별
		apply_user_pnum1,				회원_핸드폰 번호 1
		apply_user_pnum2,				회원_핸드폰 번호 2
		apply_user_pnum3,				회원_핸드폰 번호 3
		
		apply_class_num,				수업_수업번호
		apply_class_name				수업_수업명

		FROM apply
		WHERE apply_attendance_status IS NOT NULL
		ORDER BY apply_num ASC
	</select> -->
	
	<!-- 페이징 요청 정보를 매개 변수로 받아 페이징 처리를 한 게시글 목록을 조회한다. -->
	<!-- 검색 조건을 추가 -->
	<select id="list" resultType="AdminApply">
	<![CDATA[
		SELECT
		apply_num,
		apply_gisu,
		apply_stage_experience,
		
		apply_user_no,
		apply_user_name,
		apply_user_gender,
		apply_user_pnum1,
		apply_user_pnum2,
		apply_user_pnum3,
		
		apply_class_num,
		apply_class_name
		
		FROM (select apply_num, apply_gisu, apply_stage_experience, apply_user_no, apply_user_name,
			apply_user_gender, apply_user_pnum1, apply_user_pnum2, apply_user_pnum3, apply_class_num,
			apply_class_name, rownum as rnum
			from apply WHERE apply_attendance_status IS NOT NULL) 
		WHERE apply_num > 0
		]]>

		<include refid="total_list"></include>
		<include refid="search"></include>
		
		<![CDATA[
		ORDER BY apply_num DESC
		]]>
	</select>
	
	<!-- 상세보기 -->
	<select id="read" resultType="AdminApply">
		SELECT 
		apply_num,						<!-- 지원번호_pk -->
		apply_gisu,						<!-- 기수 -->
		apply_registration_date,		<!-- 수강신청 날짜 -->
		apply_refund_request_date,		<!-- 환불신청 날짜 -->
		apply_attendance_status,		<!-- 수강현황 -->
		apply_attachments,				<!-- 첨부파일명 -->
		apply_stage_experience,			<!-- 무대경험 -->
		apply_about_s_e,				<!-- 무대경험 있음 -->
		apply_self_introduction,		<!-- 자기소개 -->
		
		apply_user_no, 					<!-- 회원_회원번호 -->
		apply_user_name,				<!-- 회원_이름 -->
		apply_user_gender,				<!-- 회원_성별 -->
		apply_user_year,				<!-- 회원_생년월일 년도 -->
		apply_user_month,				<!-- 회원_생년월일 월 -->
		apply_user_day,					<!-- 회원_생년월일 일 -->
		apply_user_pnum1,				<!-- 회원_핸드폰 번호 1 -->
		apply_user_pnum2,				<!-- 회원_핸드폰 번호 2 -->
		apply_user_pnum3,				<!-- 회원_핸드폰 번호 3 -->
		apply_user_emailid,				<!-- 회원_이메일 -->
		apply_user_emailsite,			<!-- 회원_이메일2 -->
		apply_user_postcode,			<!-- 회원_주소(우편번호) -->
		apply_user_address1,			<!-- 회원_주소(상세주소)1 -->
		apply_user_address2,			<!-- 회원_주소(상세주소)2 -->
		
		apply_class_num,				<!-- 수업_수업번호 -->
		apply_class_name,				<!-- 수업_수업명 -->
		apply_class_period,				<!-- 수업_수업기간 -->
		apply_class_regist_recruitment	<!-- 수업_모집현황 -->
		FROM apply
		WHERE apply_num = #{applyNum}
	</select>
	
	<!-- 첨부파일명 -->
	<select id = "getApplyFile" resultType="String">
		SELECT apply_attachments
		FROM apply
		WHERE apply_num = #{applyNum}
	</select>
	
		<!-- 게시글 전체 건수를 조회한다. -->
	<!-- 검색 조건을 추가한다. -->
	<select id="count" resultType="int">
	<![CDATA[
	SELECT count(apply_num)
	FROM apply
	WHERE apply_num > 0
	]]>
		<include refid="search"></include>
	</select>
</mapper>