<?xml version="1.0" encoding="UTF-8"?>
<!DOCTYPE mapper PUBLIC "-//mybatis.org//DTD Mapper 3.0//EN" "http://mybatis.org/dtd/mybatis-3-mapper.dtd">
<mapper namespace="com.me.mapper.AdminInquiryMapper">

<!-- 검색 조건을 나타내는 쿼리 조각 -->
	<sql id="search">
		<if test="searchType != null">
			<if test="searchType == 't'.toString()">
				AND inquiry_title LIKE CONCAT('%', CONCAT(#{keyword}, '%'))
			</if>
			<if test="searchType == 'c'.toString()">
				AND inquiry_content LIKE CONCAT('%', CONCAT(#{keyword}, '%'))
			</if>
			<if test="searchType == 'w'.toString()">
				AND inquiry_writer LIKE CONCAT('%', CONCAT(#{keyword}, '%'))
			</if>
			<if test="searchType == 'tc'.toString()">
				AND (inquiry_title LIKE CONCAT('%', CONCAT(#{keyword}, '%'))
				OR
				inquiry_content LIKE CONCAT('%', CONCAT(#{keyword}, '%')))
			</if>
			<if test="searchType == 'cw'.toString()">
				AND (inquiry_content LIKE CONCAT('%', CONCAT(#{keyword}, '%'))
				OR
				inquiry_writer LIKE CONCAT('%',CONCAT( #{keyword}, '%')))
			</if>
			<if test="searchType == 'tcw'.toString()">
				AND (inquiry_title LIKE CONCAT('%', CONCAT(#{keyword}, '%'))
				OR
				inquiry_content LIKE CONCAT('%', CONCAT(#{keyword}, '%'))
				OR inquiry_writer LIKE
				CONCAT('%', CONCAT(#{keyword}, '%')))
			</if>
		</if>
	</sql>
	<sql id="total_list">
		<if test="searchType == null">
			and rnum between #{sizePerPage}*#{page}-9 and
			#{sizePerPage}*#{page}
		</if>
	</sql>

	<!-- 공지사항 등록 처리 -->
	<insert id="create">
		INSERT INTO admin_inquiry (
		inquiry_num,
		inquiry_title,
		inquiry_content,
		inquiry_writer
		)
		VALUES
		(
		admin_inquiry_seq.NEXTVAL,
		#{inquiryTitle},
		#{inquiryContent},
		#{inquiryWriter}
		)
	</insert>

	<!-- 공지사항 목록 조회 -->
	<!-- <select id="list" resultType="AdminInquiry"> <![CDATA[ SELECT inquiry_num, 
		inquiry_title, inquiry_content, inquiry_writer, inquiry_reg FROM admin_inquiry 
		WHERE inquiry_num > 0 ORDER BY inquiry_num DESC, inquiry_reg DESC ]]> </select> -->

	<!-- 페이징 요청 정보를 매개 변수로 받아 페이징 처리를 한 게시글 목록을 조회한다. -->
	<!-- 검색 조건을 추가 -->
	<select id="list" resultType="AdminInquiry">
	<![CDATA[
		SELECT
		inquiry_num,
		inquiry_title,
		inquiry_content,
		inquiry_writer,
		inquiry_reg
		FROM (select inquiry_num, inquiry_title, inquiry_content, inquiry_writer, inquiry_reg, rownum as rnum
		from admin_inquiry) where inquiry_num > 0
		]]>

		<include refid="total_list"></include>
		<include refid="search"></include>
		
		<![CDATA[
		ORDER BY inquiry_num DESC, inquiry_reg DESC
		]]>
	</select>


	<!-- 공지사항 상세 조회 -->
	<select id="read" resultType="AdminInquiry">
		SELECT
		inquiry_num,
		inquiry_title,
		inquiry_content,
		inquiry_writer,
		inquiry_reg
		FROM admin_inquiry
		WHERE
		inquiry_num = #{inquiryNum}
	</select>

	<!-- 공지사항 수정 처리 -->
	<update id="update">
		UPDATE admin_inquiry
		SET inquiry_title =#{inquiryTitle},
		inquiry_content
		=#{inquiryContent}
		WHERE inquiry_num = #{inquiryNum}
	</update>

	<!-- 공지사항 삭제 처리 -->
	<delete id="delete">
		DELETE FROM admin_inquiry
		WHERE inquiry_num =
		#{inquiryNum}
	</delete>

	<!-- 게시글 전체 건수를 조회한다. -->
	<!-- 검색 조건을 추가한다. -->
	<select id="count" resultType="int">
	<![CDATA[
	SELECT count(inquiry_num)
	FROM admin_inquiry
	WHERE inquiry_num > 0
	]]>
		<include refid="search"></include>
	</select>
	
	</mapper>