<?xml version="1.0" encoding="UTF-8"?>
<!DOCTYPE mapper PUBLIC "-//mybatis.org//DTD Mapper 3.0//EN" "http://mybatis.org/dtd/mybatis-3-mapper.dtd">
<mapper namespace="com.me.mapper.AdminNoticeMapper">

	<!-- 검색 조건을 나타내는 쿼리 조각 -->
	<sql id="search">
		<if test="searchType != null">
			<if test="searchType == 't'.toString()">
				AND notice_title LIKE CONCAT('%', CONCAT(#{keyword},
				'%'))
			</if>
			<if test="searchType == 'c'.toString()">
				AND notice_content LIKE CONCAT('%', CONCAT(#{keyword},
				'%'))
			</if>
			<if test="searchType == 'w'.toString()">
				AND notice_writer LIKE CONCAT('%', CONCAT(#{keyword},
				'%'))
			</if>
			<if test="searchType == 'tc'.toString()">
				AND (notice_title LIKE CONCAT('%', CONCAT(#{keyword},
				'%'))
				OR
				notice_content LIKE CONCAT('%', CONCAT(#{keyword}, '%')))
			</if>
			<if test="searchType == 'cw'.toString()">
				AND (notice_content LIKE CONCAT('%', CONCAT(#{keyword},
				'%'))
				OR
				notice_writer LIKE CONCAT('%',CONCAT( #{keyword}, '%')))
			</if>
			<if test="searchType == 'tcw'.toString()">
				AND (notice_title LIKE CONCAT('%', CONCAT(#{keyword},
				'%'))
				OR
				notice_content LIKE CONCAT('%', CONCAT(#{keyword}, '%'))
				OR
				notice_writer LIKE
				CONCAT('%', CONCAT(#{keyword}, '%')))
			</if>
		</if>
	</sql>
	<sql id="total_list">
		<if test="searchType == null">
			and rnum between #{sizePerPage}*#{page}-9 and
			#{sizePerPage}*#{page}
		</if>
	</sql>

	<!-- 공지사항 등록 처리 -->
	<insert id="create">
		INSERT INTO admin_notice (
		notice_num,
		notice_title,
		notice_content,
		notice_writer
		)
		VALUES
		(
		admin_notice_seq.NEXTVAL,
		#{noticeTitle},
		#{noticeContent},
		#{noticeWriter}
		)
	</insert>

	<!-- 첨부파일 등록 처리 -->
	<insert id="addAttach">
		INSERT INTO notice_attach
		(
		fullname,
		notice_num
		)
		VALUES
		(
		#{fullName},
		admin_notice_seq.CURRVAL
		)
	</insert>

	<select id="getAttach" resultType="string">
		SELECT fullname
		FROM
		notice_attach
		WHERE notice_num = #{noticeNum} ORDER BY regdate
	</select>

	<!-- 공지사항 목록 조회 -->
	<!-- <select id="list" resultType="AdminNotice"> <![CDATA[ SELECT notice_num, 
		notice_title, notice_content, notice_writer, notice_reg FROM admin_notice 
		WHERE notice_num > 0 ORDER BY notice_num DESC, notice_reg DESC ]]> </select> -->

	<!-- 페이징 요청 정보를 매개 변수로 받아 페이징 처리를 한 게시글 목록을 조회한다. -->
	<!-- 검색 조건을 추가 -->
	<select id="list" resultType="AdminNotice">
	<![CDATA[
		SELECT
		notice_num,
		notice_title,
		notice_content,
		notice_writer,
		notice_reg
		FROM (select notice_num, notice_title, notice_content, notice_writer, notice_reg, rownum as rnum
		from admin_notice) where notice_num > 0
		]]>

		<include refid="total_list"></include>
		<include refid="search"></include>
		
		<![CDATA[
		ORDER BY notice_num DESC, notice_reg DESC
		]]>
	</select>

	<!-- 공지사항 상세 조회 -->
	<select id="read" resultType="AdminNotice">
		SELECT
		notice_num,
		notice_title,
		notice_content,
		notice_writer,
		notice_reg
		FROM admin_notice
		WHERE
		notice_num = #{noticeNum}
	</select>

	<!-- 공지사항 수정 처리 -->
	<update id="update">
		UPDATE admin_notice
		SET notice_title =#{noticeTitle},
		notice_content
		=#{noticeContent}
		WHERE notice_num = #{noticeNum}
	</update>

	<!-- 첨부파일 다운로드 건수 -->
	<update id="updateAttachDownCnt">
		UPDATE notice_attach
		SET down_cnt = down_cnt + 1 WHERE
		fullname = #{fullname}
	</update>

	<!-- 첨부파일 수정 처리 -->
	<insert id="replaceAttach">
		INSERT INTO notice_attach
		(
		fullname,
		notice_num
		)
		VALUES
		(
		#{fullName},
		#{noticeNum}
		)
	</insert>

	<!-- 첨부파일 삭제 처리 -->
	<delete id="deleteAttach">
		DELETE FROM notice_attach
		WHERE notice_num =
		#{noticeNum}
	</delete>

	<!-- 공지사항 삭제 처리 -->
	<delete id="delete">
		DELETE FROM admin_notice
		WHERE notice_num =
		#{noticeNum}
	</delete>

	<!-- 게시글 전체 건수를 조회한다. -->
	<!-- 검색 조건을 추가한다. -->
	<select id="count" resultType="int">
	<![CDATA[
	SELECT count(notice_num)
	FROM admin_notice
	WHERE notice_num > 0
	]]>
		<include refid="search"></include>
	</select>


</mapper>