<?xml version="1.0" encoding="UTF-8"?>
<!DOCTYPE mapper PUBLIC "-//mybatis.org//DTD Mapper 3.0//EN" "http://mybatis.org/dtd/mybatis-3-mapper.dtd">
<mapper namespace="com.me.mapper.AdminShowMapper">

<!-- 검색 조건을 나타내는 쿼리 조각 -->
	<sql id="search">
		<if test="searchType != null">
			<if test="searchType == 't'.toString()">
				AND show_name LIKE CONCAT('%', CONCAT(#{keyword},
				'%'))
			</if>
			<if test="searchType == 'c'.toString()">
				AND show_cast LIKE CONCAT('%', CONCAT(#{keyword},
				'%'))
			</if>
		</if>
	</sql>
	<sql id="total_list">
		<if test="searchType == null">
			and rnum between #{sizePerPage}*#{page}-9 and
			#{sizePerPage}*#{page}
		</if>
	</sql>
	
	<!-- 등록 처리 -->
	<insert id="create">
		INSERT INTO show(
			show_num,				<!-- 공연번호 -->
			show_name,				<!-- 공연명 -->
			show_place,				<!-- 공연장소 -->
			show_round,				<!-- 공연회차 -->
			show_date,				<!-- 공연일정 -->
			show_cast,				<!-- 출연진 -->
			show_num_of_cast,		<!-- 출연진 수 -->
			show_attachments,		<!-- 첨부파일명 -->
			show_runtime,			<!-- 런타임 -->
			show_capacity,			<!-- 수용가능인원 -->
			show_reservations,		<!-- 현 예약인원 -->
			show_total_reservations	<!-- 총 예약인원 -->
		)
		VALUES(
			show_seq.NEXTVAL,			<!-- 공연번호 -->
			#{showName},				<!-- 공연명 -->
			#{showPlace},				<!-- 공연장소 -->
			#{showRound},				<!-- 공연회차 -->
			#{showDate},				<!-- 공연일정 -->
			#{showCast},				<!-- 출연진 -->
			#{showNumOfCast},			<!-- 출연진 수 -->
			#{showAttachments},			<!-- 첨부파일명 -->
			#{showRuntime},				<!-- 런타임 -->
			#{showCapacity},			<!-- 수용가능인원 -->
			#{showReservations},		<!-- 현 예약인원 -->
			#{showTotalReservations}	<!-- 총 예약인원 -->
		)
	</insert>

	<!-- 목록 조회 -->
	<!-- <select id="list" resultType="AdminShow">
		SELECT show_num,				공연번호
				show_name,				공연명
				show_place,				공연장소
				show_round,				공연회차
				show_date,				공연일정
				show_cast,				출연진
				show_num_of_cast,		출연진 수
				show_attachments,		첨부파일명
				show_runtime,			런타임
				show_capacity,			수용가능인원
				show_reservations,		현 예약인원
				show_total_reservations	총 예약인원
		FROM show
		ORDER BY show_num DESC
	</select> -->
	
	<!-- 페이징 요청 정보를 매개 변수로 받아 페이징 처리를 한 게시글 목록을 조회한다. -->
	<!-- 검색 조건을 추가 -->
	<select id="list" resultType="AdminShow">
	<![CDATA[
		SELECT
		show_num,
		show_name,
		show_place,
		show_round,
		show_date,
		show_cast,
		show_num_of_cast,
		show_attachments,
		show_runtime,
		show_capacity,
		show_reservations,
		show_total_reservations
		FROM (select show_num, show_name, show_place, show_round, show_date,
			show_cast, show_num_of_cast, show_attachments, show_runtime,
			show_capacity, show_reservations, show_total_reservations, rownum as rnum
			from show) 
		WHERE show_num > 0
		]]>

		<include refid="total_list"></include>
		<include refid="search"></include>
		
		<![CDATA[
		ORDER BY show_num DESC
		]]>
	</select>

	<!-- 상세 조회, 수정 페이지 -->
	<select id="read" resultType="AdminShow">
		SELECT show_num,				<!-- 공연번호 -->
				show_name,				<!-- 공연명 -->
				show_place,				<!-- 공연장소 -->
				show_round,				<!-- 공연회차 -->
				show_date,				<!-- 공연일정 -->
				show_cast,				<!-- 출연진 -->
				show_num_of_cast,		<!-- 출연진 수 -->
				show_attachments,		<!-- 첨부파일명 -->
				show_runtime,			<!-- 런타임 -->
				show_capacity,			<!-- 수용가능인원 -->
				show_reservations,		<!-- 현 예약인원 -->
				show_total_reservations	<!-- 총 예약인원 -->
		FROM show
		WHERE show_num = #{showNum}
	</select>

	<!-- 수정 처리 -->
	<update id="update">
		UPDATE show
		SET show_name = #{showName},	<!-- 공연명 -->
			show_place = #{showPlace},	<!-- 공연장소 -->
			show_round = #{showRound},	<!-- 공연회차 -->
			show_date = #{showDate},	<!-- 공연일정 -->
			show_cast = #{showCast},	<!-- 출연진 -->
			show_num_of_cast = #{showNumOfCast},	<!-- 출연진 수 -->
			show_attachments = #{showAttachments},	<!-- 첨부파일명 -->
			show_runtime = #{showRuntime},			<!-- 런타임 -->
			show_capacity = #{showCapacity},		<!-- 수용가능인원 -->
			show_reservations = #{showReservations},<!-- 현 예약인원 -->
			show_total_reservations = #{showTotalReservations}	<!-- 총 예약인원 -->
		WHERE show_num = #{showNum}
	</update>
	
	<!-- 삭제 처리 -->
	<delete id="delete">
		DELETE FROM show
		WHERE show_num = #{showNum}
	</delete>
	
	<!-- 첨부파일명 -->
	<select id = "getShowFile" resultType="String">
		SELECT show_attachments
		FROM show
		WHERE show_num = #{showNum}
	</select>
	
	<!-- 게시글 전체 건수를 조회한다. -->
	<!-- 검색 조건을 추가한다. -->
	<select id="count" resultType="int">
	<![CDATA[
	SELECT count(show_num)
	FROM show
	WHERE show_num > 0
	]]>
		<include refid="search"></include>
	</select>
</mapper>