<?xml version="1.0" encoding="UTF-8"?>
<!DOCTYPE mapper PUBLIC "-//mybatis.org//DTD Mapper 3.0//EN" "http://mybatis.org/dtd/mybatis-3-mapper.dtd">
<mapper namespace="com.me.mapper.ClassGroupMapper">

<!-- 검색 조건을 나타내는 쿼리 조각 -->
	<sql id="search">
		<if test="searchType != null">
			<if test="searchType == 't'.toString()">
				AND class_regist_title LIKE CONCAT('%', CONCAT(#{keyword},
				'%'))
			</if>
			<if test="searchType == 'c'.toString()">
				AND class_content LIKE CONCAT('%', CONCAT(#{keyword},
				'%'))
			</if>
		</if>
	</sql>
	<sql id="total_list">
		<if test="searchType == null">
			and rnum between #{sizePerPage}*#{page}-9 and
			#{sizePerPage}*#{page}
		</if>
	</sql>

	<!-- 등록 처리 -->
	<insert id="create">
		INSERT INTO class_group (
		class_num,
		class_name,
		class_regist_title,
		class_gisu,
		class_period,
		class_time,
		class_student,
		class_regist_recruitment,
		class_content
		)
		VALUES
		(
		class_group_seq.NEXTVAL,
		#{className},
		#{classRegistTitle},
		#{classGisu},
		#{classPeriod},
		#{classTime},
		#{classStudent},
		#{classRegistRecruitment},
		#{classContent}
		)
	</insert>

	<!-- 목록 조회 -->
<!-- 	<select id="list" resultType="ClassGroup">
		SELECT class_num,
		class_regist_title,
		class_female_num,
		class_male_num,
		class_total_people,
		class_regist_recruitment,
		class_reg_date
		FROM
		class_group ORDER BY
		class_num DESC,
		class_reg_date
		DESC
	</select> -->
	
	<!-- 페이징 요청 정보를 매개 변수로 받아 페이징 처리를 한 게시글 목록을 조회한다. -->
	<!-- 검색 조건을 추가 -->
	<select id="list" resultType="ClassGroup">
	<![CDATA[
		SELECT
		class_num,
		class_regist_title,
		class_female_num,
		class_male_num,
		class_total_people,
		class_regist_recruitment,
		class_reg_date
		FROM (select class_num, class_regist_title, class_female_num, class_male_num, class_total_people, class_regist_recruitment, class_reg_date, rownum as rnum
		from class_group) where class_num > 0
		]]>

		<include refid="total_list"></include>
		<include refid="search"></include>
		
		<![CDATA[
		ORDER BY class_num DESC, class_reg_date DESC
		]]>
	</select>

	<!-- 상세 조회 -->
	<select id="read" resultType="ClassGroup">
		SELECT class_num,
		class_name,
		class_regist_title,
		class_gisu,
		class_female_num,
		class_male_num,
		class_period,
		class_time,
		class_content,
		class_total_people,
		class_regist_recruitment,
		class_reg_date
		FROM class_group
		WHERE class_num
		=#{classNum}
	</select>

	<!-- 수정 처리 -->
	<update id="update">
		UPDATE class_group
		SET
		class_regist_title =#{classRegistTitle},
		class_name =#{className},
		class_gisu =#{classGisu},
		class_period =#{classPeriod},
		class_time =#{classTime},
		class_student =#{classStudent},
		class_regist_recruitment =#{classRegistRecruitment},
		class_content =#{classContent}
		WHERE
		class_num =#{classNum}
	</update>

	<!-- 삭제 처리 -->
	<delete id="delete">
		DELETE FROM class_group
		WHERE class_num = #{classNum}
	</delete>
	
	<!-- 게시글 전체 건수를 조회한다. -->
	<!-- 검색 조건을 추가한다. -->
	<select id="count" resultType="int">
	<![CDATA[
	SELECT count(class_num)
	FROM class_group
	WHERE class_num > 0
	]]>
		<include refid="search"></include>
	</select>

</mapper>