<?xml version="1.0" encoding="UTF-8"?>
<!DOCTYPE mapper PUBLIC "-//mybatis.org//DTD Mapper 3.0//EN" "http://mybatis.org/dtd/mybatis-3-mapper.dtd">
<mapper namespace="com.me.mapper.MemberMapper">

	<!-- 사용자 정의 resultMap 요소 정의 -->
	<resultMap type="Member" id="memberMap">
		<result property="userNo" column="user_no" />
		<result property="userLevel" column="user_level" />
		<result property="userId" column="user_id" />
		<result property="userPw" column="user_pw" />
		<result property="userName" column="user_name" />
		<result property="userGender" column="user_gender" />
		<result property="userYear" column="user_year" />
		<result property="userMonth" column="user_month" />
		<result property="userDay" column="user_day" />
		<result property="userPnum1" column="user_pnum1" />
		<result property="userPnum2" column="user_pnum2" />
		<result property="userPnum3" column="user_pnum3" />
		<result property="userEmailId" column="user_emailid" />
		<result property="userEmailSite" column="user_emailsite" />
		<result property="userPostcode" column="user_postcode" />
		<result property="userAddress1" column="user_address1" />
		<result property="userAddress2" column="user_address2" />
		<result property="agreeAd" column="agree_ad" />		
		<result property="regDate" column="reg_date" />		
		<collection property="authList" resultMap="authMap">
		</collection>
	</resultMap>

	<resultMap type="MemberAuth" id="authMap">
		<result property="userNo" column="user_no" />
		<result property="auth" column="auth" />
	</resultMap>

	<!-- 회원 정보 조회 -->
	<select id="readByUserId" resultMap="memberMap">
		SELECT mem.user_no,
		mem.user_id,
		user_level,
		user_pw,
		user_name,
		user_gender,
		user_year,
		user_month,
		user_day,
		user_pnum1,
		user_pnum2,
		user_pnum3,
		user_emailid,
		user_emailsite,
		user_postcode,
		user_address1,
		user_address2,
		agree_ad,
		reg_date,
		auth
		FROM member mem LEFT OUTER
		JOIN member_auth auth ON
		mem.user_no =
		auth.user_no
		WHERE mem.user_id =
		#{userId}
	</select>

	<!-- 회원가입 -->
	<insert id="create">
		INSERT INTO member
		(
		user_no,
		user_id,
		user_level,
		user_pw,
		user_name,
		user_gender,
		user_year,
		user_month,
		user_day,
		user_pnum1,
		user_pnum2,
		user_pnum3,
		user_emailid,
		user_emailsite,
		user_postcode,
		user_address1,
		user_address2,
		agree_ad
		)
		VALUES
		(
		member_seq.NEXTVAL,
		#{userId},
		#{userLevel},
		#{userPw},
		#{userName},
		#{userGender},
		#{userYear},
		#{userMonth},
		#{userDay},
		#{userPnum1},
		#{userPnum2},
		#{userPnum3},
		#{userEmailId},
		#{userEmailSite},
		#{userPostcode},
		#{userAddress1},
		#{userAddress2},
		#{agreeAd}
		)
	</insert>

	<!-- 권한 생성 -->
	<insert id="createAuth">
		INSERT INTO member_auth
		(
		user_no,
		auth
		)
		VALUES
		(
		member_seq.CURRVAL,
		#{auth}
		)
	</insert>

</mapper>
