<?xml version="1.0" encoding="UTF-8"?>
<!DOCTYPE mapper PUBLIC "-//mybatis.org//DTD Mapper 3.0//EN" "http://mybatis.org/dtd/mybatis-3-mapper.dtd">
<mapper namespace="com.me.mapper.UserClassGroupMapper">

	<!-- 검색 조건을 나타내는 쿼리 조각 -->
	<sql id="search">
		<if test="searchType != null">
			<if test="searchType == 't'.toString()">
				AND class_name LIKE CONCAT('%', CONCAT(#{keyword},
				'%'))
			</if>
			<if test="searchType == 'c'.toString()">
				AND class_content LIKE CONCAT('%', CONCAT(#{keyword},
				'%'))
			</if>
		</if>
	</sql>
	<sql id="total_list">
		<if test="searchType == null">
			and rnum between #{sizePerPage}*#{page}-9 and
			#{sizePerPage}*#{page}
		</if>
	</sql>
	
	<!-- 페이징 요청 정보를 매개 변수로 받아 페이징 처리를 한 게시글 목록을 조회한다. -->
	<!-- 검색 조건을 추가 -->
	<select id="list" resultType="UserClassGroup">
	<![CDATA[
		SELECT
		class_num,
		class_name,
		class_gisu,
		class_period,
		class_regist_recruitment
		FROM (select class_num, class_name, class_gisu, class_period, class_regist_recruitment, rownum as rnum
		from class_group) where class_num > 0
		]]>

		<include refid="total_list"></include>
		<include refid="search"></include>
		
		<![CDATA[
		ORDER BY class_num DESC
		]]>
	</select>
	
	<!-- 상세 조회 -->
	<select id="read" resultType="UserClassGroup">
		SELECT class_num,					<!-- 수업번호 -->
				class_name,					<!-- 수업명 -->
				class_regist_title,			<!-- 제목 -->
				class_period,				<!-- 수업기간 -->
				class_student,				<!-- 모집인원 -->
				class_gisu,					<!-- 수업기수 -->
				class_content				<!-- 수업등록내용 -->
		FROM class_group
		WHERE class_num = #{classNum}
	</select>
	
		<!-- 게시글 전체 건수를 조회한다. -->
	<!-- 검색 조건을 추가한다. -->
	<select id="count" resultType="int">
	<![CDATA[
	SELECT count(class_num)
	FROM class_group
	WHERE class_num > 0
	]]>
		<include refid="search"></include>
	</select>

</mapper>